{
  "inputUnits": [42],
  "outputUnits": 2,
  "inputs": {
    "label_0": {
      "dtype": "number",
      "min": 4.151249399907168,
      "max": 586.4725394909854
    },
    "label_1": {
      "dtype": "number",
      "min": 186.47223882383636,
      "max": 496.34918695509003
    },
    "label_2": {
      "dtype": "number",
      "min": 12.818880217505907,
      "max": 564.7860747522525
    },
    "label_3": {
      "dtype": "number",
      "min": 160.9460986889124,
      "max": 478.89482602620234
    },
    "label_4": {
      "dtype": "number",
      "min": 20.681431005110262,
      "max": 557.1173870582799
    },
    "label_5": {
      "dtype": "number",
      "min": 135.1274696802808,
      "max": 454.0862355189599
    },
    "label_6": {
      "dtype": "number",
      "min": 29.375938053231934,
      "max": 562.4826339023859
    },
    "label_7": {
      "dtype": "number",
      "min": 113.22511415628927,
      "max": 455.15365538508894
    },
    "label_8": {
      "dtype": "number",
      "min": 37.27265551578051,
      "max": 573.3838980891996
    },
    "label_9": {
      "dtype": "number",
      "min": 98.00531862273047,
      "max": 473.4382341601794
    },
    "label_10": {
      "dtype": "number",
      "min": 2.706973037101564,
      "max": 599.2858408346702
    },
    "label_11": {
      "dtype": "number",
      "min": 117.7350326456234,
      "max": 453.76022921684716
    },
    "label_12": {
      "dtype": "number",
      "min": 11.635752695869659,
      "max": 612.8243751678727
    },
    "label_13": {
      "dtype": "number",
      "min": 91.05094143918305,
      "max": 481.6467136241304
    },
    "label_14": {
      "dtype": "number",
      "min": 22.9353041163117,
      "max": 621.0127886598051
    },
    "label_15": {
      "dtype": "number",
      "min": 61.619264849841635,
      "max": 499.63536096409143
    },
    "label_16": {
      "dtype": "number",
      "min": 33.53953084457643,
      "max": 626.4181148091915
    },
    "label_17": {
      "dtype": "number",
      "min": 28.455718477478662,
      "max": 512.7953875856006
    },
    "label_18": {
      "dtype": "number",
      "min": -2.8065139589559984,
      "max": 617.7828981986556
    },
    "label_19": {
      "dtype": "number",
      "min": 117.6886729722432,
      "max": 459.5357193516273
    },
    "label_20": {
      "dtype": "number",
      "min": 3.7782929928570064,
      "max": 633.7038985044576
    },
    "label_21": {
      "dtype": "number",
      "min": 86.77279076496669,
      "max": 486.0751342925063
    },
    "label_22": {
      "dtype": "number",
      "min": 16.177018651157255,
      "max": 642.8366376068107
    },
    "label_23": {
      "dtype": "number",
      "min": 51.687144639081325,
      "max": 502.64037741142846
    },
    "label_24": {
      "dtype": "number",
      "min": 28.1461509145229,
      "max": 650.2419536370577
    },
    "label_25": {
      "dtype": "number",
      "min": 15.922382743702723,
      "max": 516.9301399988833
    },
    "label_26": {
      "dtype": "number",
      "min": -6.382516546058305,
      "max": 630.7077663350849
    },
    "label_27": {
      "dtype": "number",
      "min": 120.16376158664924,
      "max": 461.0881814514869
    },
    "label_28": {
      "dtype": "number",
      "min": -1.4074379536407533,
      "max": 647.5041251714117
    },
    "label_29": {
      "dtype": "number",
      "min": 90.58035685591811,
      "max": 485.04491883378125
    },
    "label_30": {
      "dtype": "number",
      "min": 10.174906800459325,
      "max": 658.4893875478738
    },
    "label_31": {
      "dtype": "number",
      "min": 71.76407331703523,
      "max": 500.55112323964187
    },
    "label_32": {
      "dtype": "number",
      "min": 21.11718120932074,
      "max": 668.566957655395
    },
    "label_33": {
      "dtype": "number",
      "min": 39.557348432978586,
      "max": 514.4287318106208
    },
    "label_34": {
      "dtype": "number",
      "min": -7.9534800405596595,
      "max": 641.3232619371444
    },
    "label_35": {
      "dtype": "number",
      "min": 126.31599791044414,
      "max": 465.6320514399833
    },
    "label_36": {
      "dtype": "number",
      "min": -3.8369034650104927,
      "max": 658.2044139172733
    },
    "label_37": {
      "dtype": "number",
      "min": 103.73604938021917,
      "max": 481.03793223993495
    },
    "label_38": {
      "dtype": "number",
      "min": 3.7075645592075435,
      "max": 668.8017566330357
    },
    "label_39": {
      "dtype": "number",
      "min": 88.76136006394765,
      "max": 494.63688258092407
    },
    "label_40": {
      "dtype": "number",
      "min": 6.9609311353376135,
      "max": 676.9525074586147
    },
    "label_41": {
      "dtype": "number",
      "min": 75.97401514052241,
      "max": 506.7948506427954
    }
  },
  "outputs": {
    "label": {
      "dtype": "string",
      "min": 0,
      "max": 1,
      "uniqueValues": ["Hello", "Bye"],
      "legend": { "Hello": [1, 0], "Bye": [0, 1] }
    }
  },
  "isNormalized": true,
  "seriesShape": [51, 42]
}
