{"inputUnits":[42],"outputUnits":3,"inputs":{"0":{"dtype":"number","min":26.768999099731445,"max":569.1373443603516},"1":{"dtype":"number","min":150.90651512145996,"max":477.0692825317383},"2":{"dtype":"number","min":40.894761085510254,"max":569.0396118164062},"3":{"dtype":"number","min":138.71272087097168,"max":473.51823806762695},"4":{"dtype":"number","min":9.97624397277832,"max":606.1452102661133},"5":{"dtype":"number","min":92.36168146133423,"max":466.50129318237305},"6":{"dtype":"number","min":5.353403091430664,"max":628.8803863525391},"7":{"dtype":"number","min":45.9874963760376,"max":474.9375343322754},"8":{"dtype":"number","min":8.184661865234375,"max":642.2019958496094},"9":{"dtype":"number","min":16.58618688583374,"max":489.22101974487305},"10":{"dtype":"number","min":37.959110736846924,"max":598.182487487793},"11":{"dtype":"number","min":40.8032763004303,"max":394.97217178344727},"12":{"dtype":"number","min":9.453892707824707,"max":632.2909164428711},"13":{"dtype":"number","min":26.933977603912354,"max":366.89769744873047},"14":{"dtype":"number","min":-7.6525115966796875,"max":628.1697082519531},"15":{"dtype":"number","min":46.82159185409546,"max":394.09996032714844},"16":{"dtype":"number","min":-23.175010681152344,"max":650.2272796630859},"17":{"dtype":"number","min":16.27668857574463,"max":406.3323211669922},"18":{"dtype":"number","min":57.36225605010986,"max":594.7974395751953},"19":{"dtype":"number","min":40.240784883499146,"max":375.46265602111816},"20":{"dtype":"number","min":27.67637014389038,"max":624.0829086303711},"21":{"dtype":"number","min":18.322298526763916,"max":363.1830024719238},"22":{"dtype":"number","min":21.209568977355957,"max":634.6163177490234},"23":{"dtype":"number","min":32.59773015975952,"max":396.6628932952881},"24":{"dtype":"number","min":3.124265670776367,"max":652.1048736572266},"25":{"dtype":"number","min":-6.43125057220459,"max":406.7764377593994},"26":{"dtype":"number","min":36.91709518432617,"max":613.5372161865234},"27":{"dtype":"number","min":46.09665870666504,"max":369.41362380981445},"28":{"dtype":"number","min":38.70976448059082,"max":638.4289932250977},"29":{"dtype":"number","min":22.348687648773193,"max":390.75121879577637},"30":{"dtype":"number","min":47.87854194641113,"max":625.9756469726562},"31":{"dtype":"number","min":45.19545078277588,"max":424.88948822021484},"32":{"dtype":"number","min":58.44494819641113,"max":610.5200576782227},"33":{"dtype":"number","min":11.963224411010742,"max":446.3895034790039},"34":{"dtype":"number","min":9.957976341247559,"max":624.6035003662109},"35":{"dtype":"number","min":58.73170495033264,"max":381.25319480895996},"36":{"dtype":"number","min":28.44071865081787,"max":645.8128356933594},"37":{"dtype":"number","min":30.421875715255737,"max":403.1512928009033},"38":{"dtype":"number","min":39.967050552368164,"max":632.2405624389648},"39":{"dtype":"number","min":55.386507511138916,"max":430.7603359222412},"40":{"dtype":"number","min":17.146577835083008,"max":635.5769348144531},"41":{"dtype":"number","min":50.98812818527222,"max":450.7178020477295}},"outputs":{"0":{"dtype":"string","min":0,"max":1,"uniqueValues":["Paper","Rock","Scissors"],"legend":{"Paper":[1,0,0],"Rock":[0,1,0],"Scissors":[0,0,1]}}},"isNormalized":true}